564f1d3d-36ae-11ed-9f37-f0038cde1794.jpg,['P 688CC']
59a61ea2-36ae-11ed-a86d-f0038cde1794.jpg,['P 688 CC']
5d468804-36ae-11ed-84b0-f0038cde1794.jpg,['P688CC']
63c39362-36ae-11ed-b54f-f0038cde1794.jpg,['P 688 CC']
67a81d16-36ae-11ed-8862-f0038cde1794.jpg,['P 688 CC']
e3337fab-36b4-11ed-95bb-f0038cde1794.jpg,['P 688 CC']
eb113bc2-36b4-11ed-8127-f0038cde1794.jpg,['P688 CC']
f38e0b5b-36b4-11ed-91ee-f0038cde1794.jpg,['P688CC']
fc5b27aa-36b4-11ed-92f5-f0038cde1794.jpg,['P 688 CC']
04d5eefa-36b5-11ed-80eb-f0038cde1794.jpg,['P688CC']
0934f598-36b5-11ed-8f0b-f0038cde1794.jpg,['P688 CC']
7fdef02d-371b-11ed-bf9a-f0038cde1794.jpg,[]
827582c7-371b-11ed-8d7b-f0038cde1794.jpg,['cgo4nf2z5o']
85c5c7f4-371b-11ed-b2c8-f0038cde1794.jpg,['CGOAF2250']
686159eb-3720-11ed-ba23-f0038cde1794.jpg,[]
6d38eeb8-3720-11ed-8e52-f0038cde1794.jpg,[]
6fc3190b-3720-11ed-9c13-f0038cde1794.jpg,['CGOAMF22501']
72465ec5-3720-11ed-b01f-f0038cde1794.jpg,['CGOAMF2250]']
66df3000-3721-11ed-81f1-f0038cde1794.jpg,[]
6b24e0ef-3721-11ed-81e5-f0038cde1794.jpg,['CGOANF2Z50']
6da19bba-3721-11ed-8bee-f0038cde1794.jpg,['CGOAnFzz5o']
702e322e-3721-11ed-b357-f0038cde1794.jpg,['CGOANF225Q']
72c05176-3721-11ed-a5e9-f0038cde1794.jpg,['CGOAHF225O']
760655ab-3721-11ed-9123-f0038cde1794.jpg,['CGOANF2250']
81903d1e-3721-11ed-967a-f0038cde1794.jpg,[]
848e86f7-3721-11ed-9236-f0038cde1794.jpg,['CcuN / ']
874a60b1-3721-11ed-9821-f0038cde1794.jpg,['CGOAMF2250']
8a24e39c-3721-11ed-a254-f0038cde1794.jpg,['CGOAmfzz5o']
8ca5865e-3721-11ed-8e16-f0038cde1794.jpg,['CGOANF2250']
8f1c4b8c-3721-11ed-97c0-f0038cde1794.jpg,['CGOAMF2250']
919b8e8d-3721-11ed-9945-f0038cde1794.jpg,['CGOAMF2250']
941ecdf3-3721-11ed-82c5-f0038cde1794.jpg,['CGOAhFzz50']
96985d59-3721-11ed-a1ae-f0038cde1794.jpg,['CGOANF2250']
993657af-3721-11ed-a638-f0038cde1794.jpg,['CGOAMFz250']
d24184cc-3730-11ed-826a-f0038cde1794.jpg,['CGOAMF22501']
dad0ac4c-3730-11ed-9812-f0038cde1794.jpg,['CGOAHF 22501']
e0a9d86e-3730-11ed-b91a-f0038cde1794.jpg,['CGOAMF2250']
e30d17a1-3730-11ed-bc11-f0038cde1794.jpg,['CGOAMF2250']
e576a022-3730-11ed-bc35-f0038cde1794.jpg,['CGOAMF2250']
ea352605-3730-11ed-9cd2-f0038cde1794.jpg,[]
